ActivityScore,pTyr
-1.3,0.126037164
-1.3,0.12055078
-1.3,0.098465701
-0.9,0.210347876
-0.9,0.320412868
-0.9,0.275623951
0,0.47287278
0,0.46219966
0,0.423675067
1.9,4.72821678
1.9,3.736611572
1.9,3.375758514
3.4,5.502658686
3.4,4.806320982
3.4,5.884718127