"Group.1"	"mutation_count"	"sequence_frequency"	"dummy"
"0"	0	0.075914601691	0
"1"	3582	0.867579517143418	3582
"2"	2192	0.0542979706673414	2192
"3"	140	0.0022079104981747	132
