Strain,GrowthRate
WT,0.00179
WT,0.00174
WT,0.00176
K298M,0.00316
K298M,0.00281
K298M,0.00314
T341I,0.00016
T341I,0.00013
T341I,0.00015
Empty,0.00295
Empty,0.00301
Empty,0.00299