Strain,Growth,Replicate
N471Y,0.002825,1
N471Y,0.00278,2
N471Y,0.00286,3
P491G,0.002705,1
P491G,0.002765,2
P491G,0.00243,3
G398T,0.001935,1
G398T,0.001995,2
G398T,0.001975,3
V274A,0.001325,1
V274A,0.00135,2
V274A,0.00142,3
E381T,0.00012,1
E381T,0.00008,2
E381T,0.00007,3
WT,0.00179,1
WT,0.00174,2
WT,0.00176,3
K298M,0.00316,1
K298M,0.00281,2
K298M,0.00314,3
T341I,0.00016,1
T341I,0.00013,2
T341I,0.00015,3